Subject;Year;Given Path;Link
6 periods Maths;S4;Algebra;powers-scientific.json
6 periods Maths;S4;Geometry;right-angled-triangles.json
6 periods Maths;S4;Geometry;trigonometry-identity.json
6 periods Maths;S4;Geometry;area-of-triangle.json
6 periods Maths;S4;Geometry;circle-properties.json
6 periods Maths;S4;Statistics;data-visualization-s4.json
History;S4;Life and death at the middle ages;the-farmers-and-the-labours-on-the-field.json
Test;S4;Statistics;test.json
6 periods Maths;S4;Geometry;circle-theorem.json
Physics;S4;;s4-physics-test-21-4-2026.json;
Geography;S4;;structure-of-the-earth-and-tectonic-plates.json;